cluster,name,size,pct
0,主流-中低价-套装,346,36.57505285412262
1,主流-套装,489,51.69133192389006
2,高价-套装,111,11.733615221987314
