algorithm,silhouette,calinski_harabasz,davies_bouldin
K-Means++,0.11239197536402529,69.30198384575213,2.244105869790748
